"المنصة","المسار","الملف","الدور","الإجراءات","حالة التحقق","الدليل"
"ويب","/about","app/about/page.tsx","زائر؛ البيانات العامة المنشورة فقط","عرض وتنقل","تحقق HTTP فعلي للقالب ببيانات اصطناعية؛ لا يثبت كل تفاعل","seo-http.json وseo-report.md"
"ويب","/accessibility","app/accessibility/page.tsx","زائر؛ البيانات العامة المنشورة فقط","عرض وتنقل","تحقق HTTP فعلي للقالب ببيانات اصطناعية؛ لا يثبت كل تفاعل","seo-http.json وseo-report.md"
"ويب","/admin/ai","app/admin/ai/page.tsx","مدير حسب صلاحيات الإجراء","عرض وتنقل","تحقق HTTP لفتح الصفحة بحسب الدور؛ الأزرار والحالات التفصيلية غير مكتملة التغطية","راجع تقارير المجالات؛ المرور بفحص البناء لا يساوي تحقق كل إجراء؛ page-role-smoke.json"
"ويب","/admin/bundles","app/admin/bundles/page.tsx","مدير حسب صلاحيات الإجراء","عرض وتنقل","تحقق HTTP لفتح الصفحة بحسب الدور؛ الأزرار والحالات التفصيلية غير مكتملة التغطية","راجع تقارير المجالات؛ المرور بفحص البناء لا يساوي تحقق كل إجراء؛ page-role-smoke.json"
"ويب","/admin/course-resources","app/admin/course-resources/page.tsx","مدير حسب صلاحيات الإجراء","عرض وتنقل","تحقق HTTP لفتح الصفحة بحسب الدور؛ الأزرار والحالات التفصيلية غير مكتملة التغطية","راجع تقارير المجالات؛ المرور بفحص البناء لا يساوي تحقق كل إجراء؛ page-role-smoke.json"
"ويب","/admin/courses/[slug]","app/admin/courses/[slug]/page.tsx","مدير حسب صلاحيات الإجراء","عرض وتنقل","تحقق حي لسيناريوهات محددة","admin-report.md وadmin-live-data/security/store-controls.json؛ page-role-smoke.json"
"ويب","/admin/files","app/admin/files/page.tsx","مدير حسب صلاحيات الإجراء","عرض وتنقل","تحقق HTTP لفتح الصفحة بحسب الدور؛ الأزرار والحالات التفصيلية غير مكتملة التغطية","راجع تقارير المجالات؛ المرور بفحص البناء لا يساوي تحقق كل إجراء؛ page-role-smoke.json"
"ويب","/admin/finance","app/admin/finance/page.tsx","مدير حسب صلاحيات الإجراء","عرض وتنقل","تحقق HTTP لفتح الصفحة بحسب الدور؛ الأزرار والحالات التفصيلية غير مكتملة التغطية","راجع تقارير المجالات؛ المرور بفحص البناء لا يساوي تحقق كل إجراء؛ page-role-smoke.json"
"ويب","/admin/learning-tracks","app/admin/learning-tracks/page.tsx","مدير حسب صلاحيات الإجراء","عرض وتنقل","تحقق HTTP لفتح الصفحة بحسب الدور؛ الأزرار والحالات التفصيلية غير مكتملة التغطية","راجع تقارير المجالات؛ المرور بفحص البناء لا يساوي تحقق كل إجراء؛ page-role-smoke.json"
"ويب","/admin/operations","app/admin/operations/page.tsx","مدير حسب صلاحيات الإجراء","عرض وتنقل","تحقق HTTP لفتح الصفحة بحسب الدور؛ الأزرار والحالات التفصيلية غير مكتملة التغطية","راجع تقارير المجالات؛ المرور بفحص البناء لا يساوي تحقق كل إجراء؛ page-role-smoke.json"
"ويب","/admin","app/admin/page.tsx","مدير حسب صلاحيات الإجراء","عرض وتنقل","تحقق HTTP لفتح الصفحة بحسب الدور؛ الأزرار والحالات التفصيلية غير مكتملة التغطية","راجع تقارير المجالات؛ المرور بفحص البناء لا يساوي تحقق كل إجراء؛ page-role-smoke.json"
"ويب","/admin/partners","app/admin/partners/page.tsx","مدير حسب صلاحيات الإجراء","عرض وتنقل","تحقق HTTP لفتح الصفحة بحسب الدور؛ الأزرار والحالات التفصيلية غير مكتملة التغطية","راجع تقارير المجالات؛ المرور بفحص البناء لا يساوي تحقق كل إجراء؛ page-role-smoke.json"
"ويب","/admin/purchases","app/admin/purchases/page.tsx","مدير حسب صلاحيات الإجراء","عرض وتنقل","اختبارات منطق وPostgreSQL ببيانات مزود اصطناعية؛ شراء المتجر الفعلي معلق","store-integration.json وmobile/tests/store-purchases.test.mjs؛ page-role-smoke.json"
"ويب","/admin/referrals","app/admin/referrals/page.tsx","مدير حسب صلاحيات الإجراء","عرض وتنقل","تحقق HTTP لفتح الصفحة بحسب الدور؛ الأزرار والحالات التفصيلية غير مكتملة التغطية","راجع تقارير المجالات؛ المرور بفحص البناء لا يساوي تحقق كل إجراء؛ page-role-smoke.json"
"ويب","/admin/security","app/admin/security/page.tsx","مدير حسب صلاحيات الإجراء","عرض وتنقل","تحقق HTTP لفتح الصفحة بحسب الدور؛ الأزرار والحالات التفصيلية غير مكتملة التغطية","راجع تقارير المجالات؛ المرور بفحص البناء لا يساوي تحقق كل إجراء؛ page-role-smoke.json"
"ويب","/admin/seo","app/admin/seo/page.tsx","مدير حسب صلاحيات الإجراء","عرض وتنقل","تحقق HTTP لفتح الصفحة بحسب الدور؛ الأزرار والحالات التفصيلية غير مكتملة التغطية","راجع تقارير المجالات؛ المرور بفحص البناء لا يساوي تحقق كل إجراء؛ page-role-smoke.json"
"ويب","/admin/students/[email]","app/admin/students/[email]/page.tsx","مدير حسب صلاحيات الإجراء","عرض وتنقل","تحقق حي لسيناريوهات محددة","admin-report.md وadmin-live-data/security/store-controls.json؛ page-role-smoke.json"
"API","/api/admin/ai","app/api/admin/ai/route.ts","مدير حسب صلاحيات الإجراء","GET,POST","لم تُجرّب هذه الشاشة/الخدمة منفردةً بجميع الحالات","راجع تقارير المجالات؛ المرور بفحص البناء لا يساوي تحقق كل إجراء"
"API","/api/admin/analytics","app/api/admin/analytics/route.ts","مدير حسب صلاحيات الإجراء","GET","لم تُجرّب هذه الشاشة/الخدمة منفردةً بجميع الحالات","راجع تقارير المجالات؛ المرور بفحص البناء لا يساوي تحقق كل إجراء"
"API","/api/admin/bundles","app/api/admin/bundles/route.ts","مدير حسب صلاحيات الإجراء","GET,POST,PATCH,DELETE","لم تُجرّب هذه الشاشة/الخدمة منفردةً بجميع الحالات","راجع تقارير المجالات؛ المرور بفحص البناء لا يساوي تحقق كل إجراء"
"API","/api/admin/compliance","app/api/admin/compliance/route.ts","مدير حسب صلاحيات الإجراء","GET,POST","لم تُجرّب هذه الشاشة/الخدمة منفردةً بجميع الحالات","راجع تقارير المجالات؛ المرور بفحص البناء لا يساوي تحقق كل إجراء"
"API","/api/admin/console","app/api/admin/console/route.ts","مدير حسب صلاحيات الإجراء","GET,POST","لم تُجرّب هذه الشاشة/الخدمة منفردةً بجميع الحالات","راجع تقارير المجالات؛ المرور بفحص البناء لا يساوي تحقق كل إجراء"
"API","/api/admin/course-requests/[id]/download","app/api/admin/course-requests/[id]/download/route.ts","مدير حسب صلاحيات الإجراء","GET","لم تُجرّب هذه الشاشة/الخدمة منفردةً بجميع الحالات","راجع تقارير المجالات؛ المرور بفحص البناء لا يساوي تحقق كل إجراء"
"API","/api/admin/course-resources","app/api/admin/course-resources/route.ts","مدير حسب صلاحيات الإجراء","GET,POST,PATCH,DELETE","لم تُجرّب هذه الشاشة/الخدمة منفردةً بجميع الحالات","راجع تقارير المجالات؛ المرور بفحص البناء لا يساوي تحقق كل إجراء"
"API","/api/admin/courses/[slug]","app/api/admin/courses/[slug]/route.ts","مدير حسب صلاحيات الإجراء","GET","تحقق حي لسيناريوهات محددة","admin-report.md وadmin-live-data/security/store-controls.json"
"API","/api/admin/covers","app/api/admin/covers/route.ts","مدير حسب صلاحيات الإجراء","POST","لم تُجرّب هذه الشاشة/الخدمة منفردةً بجميع الحالات","راجع تقارير المجالات؛ المرور بفحص البناء لا يساوي تحقق كل إجراء"
"API","/api/admin/files/scan","app/api/admin/files/scan/route.ts","مدير حسب صلاحيات الإجراء","GET,POST","اختبارات ملفات حية لعينة من حالات الصلاحيات والفحص","file-services-live.json؛ لا يشمل توليد AI الخارجي"
"API","/api/admin/finance","app/api/admin/finance/route.ts","مدير حسب صلاحيات الإجراء","GET,POST","لم تُجرّب هذه الشاشة/الخدمة منفردةً بجميع الحالات","راجع تقارير المجالات؛ المرور بفحص البناء لا يساوي تحقق كل إجراء"
"API","/api/admin/learning-tracks","app/api/admin/learning-tracks/route.ts","مدير حسب صلاحيات الإجراء","GET,POST,PATCH","لم تُجرّب هذه الشاشة/الخدمة منفردةً بجميع الحالات","راجع تقارير المجالات؛ المرور بفحص البناء لا يساوي تحقق كل إجراء"
"API","/api/admin/lifecycle/dispatch","app/api/admin/lifecycle/dispatch/route.ts","مدير حسب صلاحيات الإجراء","POST","لم تُجرّب هذه الشاشة/الخدمة منفردةً بجميع الحالات","راجع تقارير المجالات؛ المرور بفحص البناء لا يساوي تحقق كل إجراء"
"API","/api/admin/logos","app/api/admin/logos/route.ts","مدير حسب صلاحيات الإجراء","POST","لم تُجرّب هذه الشاشة/الخدمة منفردةً بجميع الحالات","راجع تقارير المجالات؛ المرور بفحص البناء لا يساوي تحقق كل إجراء"
"API","/api/admin/notifications/dispatch","app/api/admin/notifications/dispatch/route.ts","مدير حسب صلاحيات الإجراء","POST","لم تُجرّب هذه الشاشة/الخدمة منفردةً بجميع الحالات","راجع تقارير المجالات؛ المرور بفحص البناء لا يساوي تحقق كل إجراء"
"API","/api/admin/operations/summary","app/api/admin/operations/summary/route.ts","مدير حسب صلاحيات الإجراء","GET","لم تُجرّب هذه الشاشة/الخدمة منفردةً بجميع الحالات","راجع تقارير المجالات؛ المرور بفحص البناء لا يساوي تحقق كل إجراء"
"API","/api/admin/partners","app/api/admin/partners/route.ts","مدير حسب صلاحيات الإجراء","GET,POST,DELETE","لم تُجرّب هذه الشاشة/الخدمة منفردةً بجميع الحالات","راجع تقارير المجالات؛ المرور بفحص البناء لا يساوي تحقق كل إجراء"
"API","/api/admin/purchases","app/api/admin/purchases/route.ts","مدير حسب صلاحيات الإجراء","GET,POST","اختبارات منطق وPostgreSQL ببيانات مزود اصطناعية؛ شراء المتجر الفعلي معلق","store-integration.json وmobile/tests/store-purchases.test.mjs"
"API","/api/admin/referrals","app/api/admin/referrals/route.ts","مدير حسب صلاحيات الإجراء","GET,POST,PATCH","لم تُجرّب هذه الشاشة/الخدمة منفردةً بجميع الحالات","راجع تقارير المجالات؛ المرور بفحص البناء لا يساوي تحقق كل إجراء"
"API","/api/admin/refunds","app/api/admin/refunds/route.ts","مدير حسب صلاحيات الإجراء","GET,POST","لم تُجرّب هذه الشاشة/الخدمة منفردةً بجميع الحالات","راجع تقارير المجالات؛ المرور بفحص البناء لا يساوي تحقق كل إجراء"
"API","/api/admin/security/mfa","app/api/admin/security/mfa/route.ts","مدير حسب صلاحيات الإجراء","GET,POST","لم تُجرّب هذه الشاشة/الخدمة منفردةً بجميع الحالات","راجع تقارير المجالات؛ المرور بفحص البناء لا يساوي تحقق كل إجراء"
"API","/api/admin/seo","app/api/admin/seo/route.ts","مدير حسب صلاحيات الإجراء","GET,POST","لم تُجرّب هذه الشاشة/الخدمة منفردةً بجميع الحالات","راجع تقارير المجالات؛ المرور بفحص البناء لا يساوي تحقق كل إجراء"
"API","/api/admin/settlements","app/api/admin/settlements/route.ts","مدير حسب صلاحيات الإجراء","GET,POST","لم تُجرّب هذه الشاشة/الخدمة منفردةً بجميع الحالات","راجع تقارير المجالات؛ المرور بفحص البناء لا يساوي تحقق كل إجراء"
"API","/api/admin/staff","app/api/admin/staff/route.ts","مدير حسب صلاحيات الإجراء","POST","لم تُجرّب هذه الشاشة/الخدمة منفردةً بجميع الحالات","راجع تقارير المجالات؛ المرور بفحص البناء لا يساوي تحقق كل إجراء"
"API","/api/admin/students/[email]/devices","app/api/admin/students/[email]/devices/route.ts","مدير حسب صلاحيات الإجراء","GET,DELETE","تحقق حي لسيناريوهات محددة","admin-report.md وadmin-live-data/security/store-controls.json"
"API","/api/admin/students/[email]","app/api/admin/students/[email]/route.ts","مدير حسب صلاحيات الإجراء","GET","تحقق حي لسيناريوهات محددة","admin-report.md وadmin-live-data/security/store-controls.json"
"API","/api/admin/support/metrics","app/api/admin/support/metrics/route.ts","مدير حسب صلاحيات الإجراء","GET","لم تُجرّب هذه الشاشة/الخدمة منفردةً بجميع الحالات","راجع تقارير المجالات؛ المرور بفحص البناء لا يساوي تحقق كل إجراء"
"API","/api/admin/videos/process","app/api/admin/videos/process/route.ts","مدير حسب صلاحيات الإجراء","GET,POST","لم تُجرّب هذه الشاشة/الخدمة منفردةً بجميع الحالات","راجع تقارير المجالات؛ المرور بفحص البناء لا يساوي تحقق كل إجراء"
"API","/api/admin/videos","app/api/admin/videos/route.ts","مدير حسب صلاحيات الإجراء","POST","لم تُجرّب هذه الشاشة/الخدمة منفردةً بجميع الحالات","راجع تقارير المجالات؛ المرور بفحص البناء لا يساوي تحقق كل إجراء"
"API","/api/ai/conversations","app/api/ai/conversations/route.ts","حسب حماية الصفحة/الخدمة","GET,POST","لم تُجرّب هذه الشاشة/الخدمة منفردةً بجميع الحالات","راجع تقارير المجالات؛ المرور بفحص البناء لا يساوي تحقق كل إجراء"
"API","/api/ai/conversations/[id]/messages","app/api/ai/conversations/[id]/messages/route.ts","حسب حماية الصفحة/الخدمة","POST","لم تُجرّب هذه الشاشة/الخدمة منفردةً بجميع الحالات","راجع تقارير المجالات؛ المرور بفحص البناء لا يساوي تحقق كل إجراء"
"API","/api/ai/conversations/[id]","app/api/ai/conversations/[id]/route.ts","حسب حماية الصفحة/الخدمة","GET,PATCH,DELETE","لم تُجرّب هذه الشاشة/الخدمة منفردةً بجميع الحالات","راجع تقارير المجالات؛ المرور بفحص البناء لا يساوي تحقق كل إجراء"
"API","/api/ai/files","app/api/ai/files/route.ts","حسب حماية الصفحة/الخدمة","POST","اختبارات ملفات حية لعينة من حالات الصلاحيات والفحص","file-services-live.json؛ لا يشمل توليد AI الخارجي"
"API","/api/ai/files/[id]/actions","app/api/ai/files/[id]/actions/route.ts","حسب حماية الصفحة/الخدمة","POST","اختبارات ملفات حية لعينة من حالات الصلاحيات والفحص","file-services-live.json؛ لا يشمل توليد AI الخارجي"
"API","/api/ai/quizzes/[id]/attempts","app/api/ai/quizzes/[id]/attempts/route.ts","حسب حماية الصفحة/الخدمة","POST","لم تُجرّب هذه الشاشة/الخدمة منفردةً بجميع الحالات","راجع تقارير المجالات؛ المرور بفحص البناء لا يساوي تحقق كل إجراء"
"API","/api/ai/quizzes/[id]","app/api/ai/quizzes/[id]/route.ts","حسب حماية الصفحة/الخدمة","GET","لم تُجرّب هذه الشاشة/الخدمة منفردةً بجميع الحالات","راجع تقارير المجالات؛ المرور بفحص البناء لا يساوي تحقق كل إجراء"
"API","/api/ai/status","app/api/ai/status/route.ts","حسب حماية الصفحة/الخدمة","GET","لم تُجرّب هذه الشاشة/الخدمة منفردةً بجميع الحالات","راجع تقارير المجالات؛ المرور بفحص البناء لا يساوي تحقق كل إجراء"
"API","/api/ai/subscription/checkout","app/api/ai/subscription/checkout/route.ts","حسب حماية الصفحة/الخدمة","GET,POST","لم تُجرّب هذه الشاشة/الخدمة منفردةً بجميع الحالات","راجع تقارير المجالات؛ المرور بفحص البناء لا يساوي تحقق كل إجراء"
"API","/api/analytics","app/api/analytics/route.ts","حسب حماية الصفحة/الخدمة","POST","لم تُجرّب هذه الشاشة/الخدمة منفردةً بجميع الحالات","راجع تقارير المجالات؛ المرور بفحص البناء لا يساوي تحقق كل إجراء"
"API","/api/assistant","app/api/assistant/route.ts","حسب حماية الصفحة/الخدمة","POST","لم تُجرّب هذه الشاشة/الخدمة منفردةً بجميع الحالات","راجع تقارير المجالات؛ المرور بفحص البناء لا يساوي تحقق كل إجراء"
"API","/api/auth/device","app/api/auth/device/route.ts","حسب حماية الصفحة/الخدمة","POST","لم تُجرّب هذه الشاشة/الخدمة منفردةً بجميع الحالات","راجع تقارير المجالات؛ المرور بفحص البناء لا يساوي تحقق كل إجراء"
"API","/api/auth/email-verification","app/api/auth/email-verification/route.ts","حسب حماية الصفحة/الخدمة","GET,POST","لم تُجرّب هذه الشاشة/الخدمة منفردةً بجميع الحالات","راجع تقارير المجالات؛ المرور بفحص البناء لا يساوي تحقق كل إجراء"
"API","/api/auth/forgot-password","app/api/auth/forgot-password/route.ts","حسب حماية الصفحة/الخدمة","POST","لم تُجرّب هذه الشاشة/الخدمة منفردةً بجميع الحالات","راجع تقارير المجالات؛ المرور بفحص البناء لا يساوي تحقق كل إجراء"
"API","/api/auth/login","app/api/auth/login/route.ts","حسب حماية الصفحة/الخدمة","POST","لم تُجرّب هذه الشاشة/الخدمة منفردةً بجميع الحالات","راجع تقارير المجالات؛ المرور بفحص البناء لا يساوي تحقق كل إجراء"
"API","/api/auth/logout","app/api/auth/logout/route.ts","حسب حماية الصفحة/الخدمة","POST","لم تُجرّب هذه الشاشة/الخدمة منفردةً بجميع الحالات","راجع تقارير المجالات؛ المرور بفحص البناء لا يساوي تحقق كل إجراء"
"API","/api/auth/me","app/api/auth/me/route.ts","حسب حماية الصفحة/الخدمة","GET","لم تُجرّب هذه الشاشة/الخدمة منفردةً بجميع الحالات","راجع تقارير المجالات؛ المرور بفحص البناء لا يساوي تحقق كل إجراء"
"API","/api/auth/oauth/exchange","app/api/auth/oauth/exchange/route.ts","حسب حماية الصفحة/الخدمة","POST","لم تُجرّب هذه الشاشة/الخدمة منفردةً بجميع الحالات","راجع تقارير المجالات؛ المرور بفحص البناء لا يساوي تحقق كل إجراء"
"API","/api/auth/oauth/providers","app/api/auth/oauth/providers/route.ts","حسب حماية الصفحة/الخدمة","GET","لم تُجرّب هذه الشاشة/الخدمة منفردةً بجميع الحالات","راجع تقارير المجالات؛ المرور بفحص البناء لا يساوي تحقق كل إجراء"
"API","/api/auth/oauth/[provider]/callback","app/api/auth/oauth/[provider]/callback/route.ts","حسب حماية الصفحة/الخدمة","GET,POST","لم تُجرّب هذه الشاشة/الخدمة منفردةً بجميع الحالات","راجع تقارير المجالات؛ المرور بفحص البناء لا يساوي تحقق كل إجراء"
"API","/api/auth/oauth/[provider]/start","app/api/auth/oauth/[provider]/start/route.ts","حسب حماية الصفحة/الخدمة","GET,POST","لم تُجرّب هذه الشاشة/الخدمة منفردةً بجميع الحالات","راجع تقارير المجالات؛ المرور بفحص البناء لا يساوي تحقق كل إجراء"
"API","/api/auth/register","app/api/auth/register/route.ts","حسب حماية الصفحة/الخدمة","POST","لم تُجرّب هذه الشاشة/الخدمة منفردةً بجميع الحالات","راجع تقارير المجالات؛ المرور بفحص البناء لا يساوي تحقق كل إجراء"
"API","/api/auth/reset-password","app/api/auth/reset-password/route.ts","حسب حماية الصفحة/الخدمة","POST","لم تُجرّب هذه الشاشة/الخدمة منفردةً بجميع الحالات","راجع تقارير المجالات؛ المرور بفحص البناء لا يساوي تحقق كل إجراء"
"API","/api/cart","app/api/cart/route.ts","حسب حماية الصفحة/الخدمة","GET,POST","لم تُجرّب هذه الشاشة/الخدمة منفردةً بجميع الحالات","راجع تقارير المجالات؛ المرور بفحص البناء لا يساوي تحقق كل إجراء"
"API","/api/catalog/programs","app/api/catalog/programs/route.ts","حسب حماية الصفحة/الخدمة","GET","لم تُجرّب هذه الشاشة/الخدمة منفردةً بجميع الحالات","راجع تقارير المجالات؛ المرور بفحص البناء لا يساوي تحقق كل إجراء"
"API","/api/catalog/search","app/api/catalog/search/route.ts","حسب حماية الصفحة/الخدمة","GET","لم تُجرّب هذه الشاشة/الخدمة منفردةً بجميع الحالات","راجع تقارير المجالات؛ المرور بفحص البناء لا يساوي تحقق كل إجراء"
"API","/api/checkout","app/api/checkout/route.ts","حسب حماية الصفحة/الخدمة","GET,POST","لم تُجرّب هذه الشاشة/الخدمة منفردةً بجميع الحالات","راجع تقارير المجالات؛ المرور بفحص البناء لا يساوي تحقق كل إجراء"
"API","/api/coupons/validate","app/api/coupons/validate/route.ts","حسب حماية الصفحة/الخدمة","POST","لم تُجرّب هذه الشاشة/الخدمة منفردةً بجميع الحالات","راجع تقارير المجالات؛ المرور بفحص البناء لا يساوي تحقق كل إجراء"
"API","/api/course-requests/files/[fileId]","app/api/course-requests/files/[fileId]/route.ts","حسب حماية الصفحة/الخدمة","GET","اختبارات ملفات حية لعينة من حالات الصلاحيات والفحص","file-services-live.json؛ لا يشمل توليد AI الخارجي"
"API","/api/course-requests","app/api/course-requests/route.ts","حسب حماية الصفحة/الخدمة","POST,GET","لم تُجرّب هذه الشاشة/الخدمة منفردةً بجميع الحالات","راجع تقارير المجالات؛ المرور بفحص البناء لا يساوي تحقق كل إجراء"
"API","/api/course-requests/[id]/files","app/api/course-requests/[id]/files/route.ts","حسب حماية الصفحة/الخدمة","GET","لم تُجرّب هذه الشاشة/الخدمة منفردةً بجميع الحالات","راجع تقارير المجالات؛ المرور بفحص البناء لا يساوي تحقق كل إجراء"
"API","/api/course-resources","app/api/course-resources/route.ts","حسب حماية الصفحة/الخدمة","GET","لم تُجرّب هذه الشاشة/الخدمة منفردةً بجميع الحالات","راجع تقارير المجالات؛ المرور بفحص البناء لا يساوي تحقق كل إجراء"
"API","/api/course-resources/[id]","app/api/course-resources/[id]/route.ts","حسب حماية الصفحة/الخدمة","GET","لم تُجرّب هذه الشاشة/الخدمة منفردةً بجميع الحالات","راجع تقارير المجالات؛ المرور بفحص البناء لا يساوي تحقق كل إجراء"
"API","/api/covers/[slug]","app/api/covers/[slug]/route.ts","حسب حماية الصفحة/الخدمة","GET","لم تُجرّب هذه الشاشة/الخدمة منفردةً بجميع الحالات","راجع تقارير المجالات؛ المرور بفحص البناء لا يساوي تحقق كل إجراء"
"API","/api/favorites","app/api/favorites/route.ts","حسب حماية الصفحة/الخدمة","GET,POST","لم تُجرّب هذه الشاشة/الخدمة منفردةً بجميع الحالات","راجع تقارير المجالات؛ المرور بفحص البناء لا يساوي تحقق كل إجراء"
"API","/api/health","app/api/health/route.ts","حسب حماية الصفحة/الخدمة","GET","لم تُجرّب هذه الشاشة/الخدمة منفردةً بجميع الحالات","راجع تقارير المجالات؛ المرور بفحص البناء لا يساوي تحقق كل إجراء"
"API","/api/invoices/[orderNumber]/download","app/api/invoices/[orderNumber]/download/route.ts","حسب حماية الصفحة/الخدمة","GET","لم تُجرّب هذه الشاشة/الخدمة منفردةً بجميع الحالات","راجع تقارير المجالات؛ المرور بفحص البناء لا يساوي تحقق كل إجراء"
"API","/api/learning-tracks/interest","app/api/learning-tracks/interest/route.ts","حسب حماية الصفحة/الخدمة","GET,POST,DELETE","لم تُجرّب هذه الشاشة/الخدمة منفردةً بجميع الحالات","راجع تقارير المجالات؛ المرور بفحص البناء لا يساوي تحقق كل إجراء"
"API","/api/logos/[slug]","app/api/logos/[slug]/route.ts","حسب حماية الصفحة/الخدمة","GET","لم تُجرّب هذه الشاشة/الخدمة منفردةً بجميع الحالات","راجع تقارير المجالات؛ المرور بفحص البناء لا يساوي تحقق كل إجراء"
"API","/api/mobile/account","app/api/mobile/account/route.ts","حسب حماية الصفحة/الخدمة","DELETE","لم تُجرّب هذه الشاشة/الخدمة منفردةً بجميع الحالات","راجع تقارير المجالات؛ المرور بفحص البناء لا يساوي تحقق كل إجراء"
"API","/api/mobile/auth/login","app/api/mobile/auth/login/route.ts","حسب حماية الصفحة/الخدمة","POST","لم تُجرّب هذه الشاشة/الخدمة منفردةً بجميع الحالات","راجع تقارير المجالات؛ المرور بفحص البناء لا يساوي تحقق كل إجراء"
"API","/api/mobile/auth/logout","app/api/mobile/auth/logout/route.ts","حسب حماية الصفحة/الخدمة","POST","لم تُجرّب هذه الشاشة/الخدمة منفردةً بجميع الحالات","راجع تقارير المجالات؛ المرور بفحص البناء لا يساوي تحقق كل إجراء"
"API","/api/mobile/auth/register","app/api/mobile/auth/register/route.ts","حسب حماية الصفحة/الخدمة","POST","لم تُجرّب هذه الشاشة/الخدمة منفردةً بجميع الحالات","راجع تقارير المجالات؛ المرور بفحص البناء لا يساوي تحقق كل إجراء"
"API","/api/mobile/catalog","app/api/mobile/catalog/route.ts","حسب حماية الصفحة/الخدمة","GET","لم تُجرّب هذه الشاشة/الخدمة منفردةً بجميع الحالات","راجع تقارير المجالات؛ المرور بفحص البناء لا يساوي تحقق كل إجراء"
"API","/api/mobile/dashboard","app/api/mobile/dashboard/route.ts","حسب حماية الصفحة/الخدمة","GET","لم تُجرّب هذه الشاشة/الخدمة منفردةً بجميع الحالات","راجع تقارير المجالات؛ المرور بفحص البناء لا يساوي تحقق كل إجراء"
"API","/api/mobile/favorites","app/api/mobile/favorites/route.ts","حسب حماية الصفحة/الخدمة","GET,POST","لم تُجرّب هذه الشاشة/الخدمة منفردةً بجميع الحالات","راجع تقارير المجالات؛ المرور بفحص البناء لا يساوي تحقق كل إجراء"
"API","/api/mobile/notes","app/api/mobile/notes/route.ts","حسب حماية الصفحة/الخدمة","GET,POST,PATCH,DELETE,PUT","لم تُجرّب هذه الشاشة/الخدمة منفردةً بجميع الحالات","راجع تقارير المجالات؛ المرور بفحص البناء لا يساوي تحقق كل إجراء"
"API","/api/mobile/notifications","app/api/mobile/notifications/route.ts","حسب حماية الصفحة/الخدمة","GET,PATCH","لم تُجرّب هذه الشاشة/الخدمة منفردةً بجميع الحالات","راجع تقارير المجالات؛ المرور بفحص البناء لا يساوي تحقق كل إجراء"
"API","/api/mobile/purchases/catalog","app/api/mobile/purchases/catalog/route.ts","حسب حماية الصفحة/الخدمة","GET","اختبارات منطق وPostgreSQL ببيانات مزود اصطناعية؛ شراء المتجر الفعلي معلق","store-integration.json وmobile/tests/store-purchases.test.mjs"
"API","/api/mobile/purchases/history","app/api/mobile/purchases/history/route.ts","حسب حماية الصفحة/الخدمة","GET","اختبارات منطق وPostgreSQL ببيانات مزود اصطناعية؛ شراء المتجر الفعلي معلق","store-integration.json وmobile/tests/store-purchases.test.mjs"
"API","/api/mobile/purchases/sync","app/api/mobile/purchases/sync/route.ts","حسب حماية الصفحة/الخدمة","POST","اختبارات منطق وPostgreSQL ببيانات مزود اصطناعية؛ شراء المتجر الفعلي معلق","store-integration.json وmobile/tests/store-purchases.test.mjs"
"API","/api/mobile/push","app/api/mobile/push/route.ts","حسب حماية الصفحة/الخدمة","POST,DELETE","لم تُجرّب هذه الشاشة/الخدمة منفردةً بجميع الحالات","راجع تقارير المجالات؛ المرور بفحص البناء لا يساوي تحقق كل إجراء"
"API","/api/ping","app/api/ping/route.ts","حسب حماية الصفحة/الخدمة","GET","لم تُجرّب هذه الشاشة/الخدمة منفردةً بجميع الحالات","راجع تقارير المجالات؛ المرور بفحص البناء لا يساوي تحقق كل إجراء"
"API","/api/profile/onboarding","app/api/profile/onboarding/route.ts","حسب حماية الصفحة/الخدمة","POST","لم تُجرّب هذه الشاشة/الخدمة منفردةً بجميع الحالات","راجع تقارير المجالات؛ المرور بفحص البناء لا يساوي تحقق كل إجراء"
"API","/api/profile/password","app/api/profile/password/route.ts","حسب حماية الصفحة/الخدمة","POST","لم تُجرّب هذه الشاشة/الخدمة منفردةً بجميع الحالات","راجع تقارير المجالات؛ المرور بفحص البناء لا يساوي تحقق كل إجراء"
"API","/api/profile","app/api/profile/route.ts","حسب حماية الصفحة/الخدمة","GET,PATCH","لم تُجرّب هذه الشاشة/الخدمة منفردةً بجميع الحالات","راجع تقارير المجالات؛ المرور بفحص البناء لا يساوي تحقق كل إجراء"
"API","/api/profile/sessions","app/api/profile/sessions/route.ts","حسب حماية الصفحة/الخدمة","GET,DELETE","لم تُجرّب هذه الشاشة/الخدمة منفردةً بجميع الحالات","راجع تقارير المجالات؛ المرور بفحص البناء لا يساوي تحقق كل إجراء"
"API","/api/progress","app/api/progress/route.ts","حسب حماية الصفحة/الخدمة","GET,POST","لم تُجرّب هذه الشاشة/الخدمة منفردةً بجميع الحالات","راجع تقارير المجالات؛ المرور بفحص البناء لا يساوي تحقق كل إجراء"
"API","/api/public/announcements","app/api/public/announcements/route.ts","حسب حماية الصفحة/الخدمة","GET","لم تُجرّب هذه الشاشة/الخدمة منفردةً بجميع الحالات","راجع تقارير المجالات؛ المرور بفحص البناء لا يساوي تحقق كل إجراء"
"API","/api/public/bundles","app/api/public/bundles/route.ts","حسب حماية الصفحة/الخدمة","GET","لم تُجرّب هذه الشاشة/الخدمة منفردةً بجميع الحالات","راجع تقارير المجالات؛ المرور بفحص البناء لا يساوي تحقق كل إجراء"
"API","/api/public/learning-tracks","app/api/public/learning-tracks/route.ts","حسب حماية الصفحة/الخدمة","GET","لم تُجرّب هذه الشاشة/الخدمة منفردةً بجميع الحالات","راجع تقارير المجالات؛ المرور بفحص البناء لا يساوي تحقق كل إجراء"
"API","/api/public/partners","app/api/public/partners/route.ts","حسب حماية الصفحة/الخدمة","GET","لم تُجرّب هذه الشاشة/الخدمة منفردةً بجميع الحالات","راجع تقارير المجالات؛ المرور بفحص البناء لا يساوي تحقق كل إجراء"
"API","/api/public/partners/[id]/logo","app/api/public/partners/[id]/logo/route.ts","حسب حماية الصفحة/الخدمة","GET","لم تُجرّب هذه الشاشة/الخدمة منفردةً بجميع الحالات","راجع تقارير المجالات؛ المرور بفحص البناء لا يساوي تحقق كل إجراء"
"API","/api/public/settings","app/api/public/settings/route.ts","حسب حماية الصفحة/الخدمة","GET","لم تُجرّب هذه الشاشة/الخدمة منفردةً بجميع الحالات","راجع تقارير المجالات؛ المرور بفحص البناء لا يساوي تحقق كل إجراء"
"API","/api/referrals","app/api/referrals/route.ts","حسب حماية الصفحة/الخدمة","GET,POST","لم تُجرّب هذه الشاشة/الخدمة منفردةً بجميع الحالات","راجع تقارير المجالات؛ المرور بفحص البناء لا يساوي تحقق كل إجراء"
"API","/api/reviews","app/api/reviews/route.ts","حسب حماية الصفحة/الخدمة","GET,POST","لم تُجرّب هذه الشاشة/الخدمة منفردةً بجميع الحالات","راجع تقارير المجالات؛ المرور بفحص البناء لا يساوي تحقق كل إجراء"
"API","/api/supervisor/request-files/[id]","app/api/supervisor/request-files/[id]/route.ts","حسب حماية الصفحة/الخدمة","GET","لم تُجرّب هذه الشاشة/الخدمة منفردةً بجميع الحالات","راجع تقارير المجالات؛ المرور بفحص البناء لا يساوي تحقق كل إجراء"
"API","/api/supervisor/requests","app/api/supervisor/requests/route.ts","حسب حماية الصفحة/الخدمة","GET,PATCH","لم تُجرّب هذه الشاشة/الخدمة منفردةً بجميع الحالات","راجع تقارير المجالات؛ المرور بفحص البناء لا يساوي تحقق كل إجراء"
"API","/api/supervisor/workspace","app/api/supervisor/workspace/route.ts","حسب حماية الصفحة/الخدمة","GET,POST","لم تُجرّب هذه الشاشة/الخدمة منفردةً بجميع الحالات","راجع تقارير المجالات؛ المرور بفحص البناء لا يساوي تحقق كل إجراء"
"API","/api/support/files/[id]","app/api/support/files/[id]/route.ts","حسب حماية الصفحة/الخدمة","GET","اختبارات ملفات حية لعينة من حالات الصلاحيات والفحص","file-services-live.json؛ لا يشمل توليد AI الخارجي"
"API","/api/support","app/api/support/route.ts","حسب حماية الصفحة/الخدمة","POST,GET,DELETE,PATCH","لم تُجرّب هذه الشاشة/الخدمة منفردةً بجميع الحالات","راجع تقارير المجالات؛ المرور بفحص البناء لا يساوي تحقق كل إجراء"
"API","/api/sync","app/api/sync/route.ts","حسب حماية الصفحة/الخدمة","GET","لم تُجرّب هذه الشاشة/الخدمة منفردةً بجميع الحالات","راجع تقارير المجالات؛ المرور بفحص البناء لا يساوي تحقق كل إجراء"
"API","/api/sync/stream","app/api/sync/stream/route.ts","حسب حماية الصفحة/الخدمة","GET","لم تُجرّب هذه الشاشة/الخدمة منفردةً بجميع الحالات","راجع تقارير المجالات؛ المرور بفحص البناء لا يساوي تحقق كل إجراء"
"API","/api/video/session","app/api/video/session/route.ts","حسب حماية الصفحة/الخدمة","POST","لم تُجرّب هذه الشاشة/الخدمة منفردةً بجميع الحالات","راجع تقارير المجالات؛ المرور بفحص البناء لا يساوي تحقق كل إجراء"
"API","/api/video/[lessonId]/hls/[...path]","app/api/video/[lessonId]/hls/[...path]/route.ts","حسب حماية الصفحة/الخدمة","GET,HEAD","لم تُجرّب هذه الشاشة/الخدمة منفردةً بجميع الحالات","راجع تقارير المجالات؛ المرور بفحص البناء لا يساوي تحقق كل إجراء"
"API","/api/video/[lessonId]","app/api/video/[lessonId]/route.ts","حسب حماية الصفحة/الخدمة","GET,HEAD","لم تُجرّب هذه الشاشة/الخدمة منفردةً بجميع الحالات","راجع تقارير المجالات؛ المرور بفحص البناء لا يساوي تحقق كل إجراء"
"API","/api/waitlist","app/api/waitlist/route.ts","حسب حماية الصفحة/الخدمة","GET,POST,DELETE","لم تُجرّب هذه الشاشة/الخدمة منفردةً بجميع الحالات","راجع تقارير المجالات؛ المرور بفحص البناء لا يساوي تحقق كل إجراء"
"API","/api/webhooks/revenuecat","app/api/webhooks/revenuecat/route.ts","حسب حماية الصفحة/الخدمة","POST","اختبارات منطق وPostgreSQL ببيانات مزود اصطناعية؛ شراء المتجر الفعلي معلق","store-integration.json وmobile/tests/store-purchases.test.mjs"
"API","/api/webhooks/tap","app/api/webhooks/tap/route.ts","حسب حماية الصفحة/الخدمة","POST","لم تُجرّب هذه الشاشة/الخدمة منفردةً بجميع الحالات","راجع تقارير المجالات؛ المرور بفحص البناء لا يساوي تحقق كل إجراء"
"ويب","/bundles","app/bundles/page.tsx","زائر؛ البيانات العامة المنشورة فقط","عرض وتنقل","تحقق HTTP فعلي للقالب ببيانات اصطناعية؛ لا يثبت كل تفاعل","seo-http.json وseo-report.md"
"ويب","/bundles/[slug]","app/bundles/[slug]/page.tsx","زائر؛ البيانات العامة المنشورة فقط","عرض وتنقل","تحقق HTTP فعلي للقالب ببيانات اصطناعية؛ لا يثبت كل تفاعل","seo-http.json وseo-report.md"
"ويب","/cart","app/cart/page.tsx","حسب حماية الصفحة/الخدمة","عرض وتنقل","تحقق HTTP لفتح الصفحة بحسب الدور؛ الأزرار والحالات التفصيلية غير مكتملة التغطية","راجع تقارير المجالات؛ المرور بفحص البناء لا يساوي تحقق كل إجراء؛ page-role-smoke.json"
"ويب","/checkout/[slug]","app/checkout/[slug]/page.tsx","حسب حماية الصفحة/الخدمة","عرض وتنقل","لم تُجرّب هذه الشاشة/الخدمة منفردةً بجميع الحالات","راجع تقارير المجالات؛ المرور بفحص البناء لا يساوي تحقق كل إجراء"
"ويب","/complete-profile","app/complete-profile/page.tsx","حسب حماية الصفحة/الخدمة","عرض وتنقل","تحقق HTTP لفتح الصفحة بحسب الدور؛ الأزرار والحالات التفصيلية غير مكتملة التغطية","راجع تقارير المجالات؛ المرور بفحص البناء لا يساوي تحقق كل إجراء؛ page-role-smoke.json"
"ويب","/contact","app/contact/page.tsx","زائر؛ البيانات العامة المنشورة فقط","عرض وتنقل","تحقق HTTP فعلي للقالب ببيانات اصطناعية؛ لا يثبت كل تفاعل","seo-http.json وseo-report.md"
"ويب","/content-policy","app/content-policy/page.tsx","زائر؛ البيانات العامة المنشورة فقط","عرض وتنقل","تحقق HTTP فعلي للقالب ببيانات اصطناعية؛ لا يثبت كل تفاعل","seo-http.json وseo-report.md"
"ويب","/courses","app/courses/page.tsx","زائر؛ البيانات العامة المنشورة فقط","عرض وتنقل","تحقق HTTP فعلي للقالب ببيانات اصطناعية؛ لا يثبت كل تفاعل","seo-http.json وseo-report.md"
"ويب","/courses/[slug]","app/courses/[slug]/page.tsx","زائر؛ البيانات العامة المنشورة فقط","عرض وتنقل","تحقق HTTP فعلي للقالب ببيانات اصطناعية؛ لا يثبت كل تفاعل","seo-http.json وseo-report.md"
"ويب","/dashboard","app/dashboard/page.tsx","حسب حماية الصفحة/الخدمة","عرض وتنقل","تحقق HTTP لفتح الصفحة بحسب الدور؛ الأزرار والحالات التفصيلية غير مكتملة التغطية","راجع تقارير المجالات؛ المرور بفحص البناء لا يساوي تحقق كل إجراء؛ page-role-smoke.json"
"ويب","/faq","app/faq/page.tsx","زائر؛ البيانات العامة المنشورة فقط","عرض وتنقل","تحقق HTTP فعلي للقالب ببيانات اصطناعية؛ لا يثبت كل تفاعل","seo-http.json وseo-report.md"
"ويب","/favorites","app/favorites/page.tsx","حسب حماية الصفحة/الخدمة","عرض وتنقل","تحقق HTTP لفتح الصفحة بحسب الدور؛ الأزرار والحالات التفصيلية غير مكتملة التغطية","راجع تقارير المجالات؛ المرور بفحص البناء لا يساوي تحقق كل إجراء؛ page-role-smoke.json"
"ويب","/forgot-password","app/forgot-password/page.tsx","حسب حماية الصفحة/الخدمة","عرض وتنقل","لم تُجرّب هذه الشاشة/الخدمة منفردةً بجميع الحالات","راجع تقارير المجالات؛ المرور بفحص البناء لا يساوي تحقق كل إجراء"
"ويب","/how-it-works","app/how-it-works/page.tsx","زائر؛ البيانات العامة المنشورة فقط","عرض وتنقل","تحقق HTTP فعلي للقالب ببيانات اصطناعية؛ لا يثبت كل تفاعل","seo-http.json وseo-report.md"
"ويب","/indexnow.txt","app/indexnow.txt/route.ts","حسب حماية الصفحة/الخدمة","عرض وتنقل","لم تُجرّب هذه الشاشة/الخدمة منفردةً بجميع الحالات","راجع تقارير المجالات؛ المرور بفحص البناء لا يساوي تحقق كل إجراء"
"ويب","/invoices/[orderNumber]","app/invoices/[orderNumber]/page.tsx","حسب حماية الصفحة/الخدمة","عرض وتنقل","لم تُجرّب هذه الشاشة/الخدمة منفردةً بجميع الحالات","راجع تقارير المجالات؛ المرور بفحص البناء لا يساوي تحقق كل إجراء"
"ويب","/learn/[slug]","app/learn/[slug]/page.tsx","حسب حماية الصفحة/الخدمة","عرض وتنقل","لم تُجرّب هذه الشاشة/الخدمة منفردةً بجميع الحالات","راجع تقارير المجالات؛ المرور بفحص البناء لا يساوي تحقق كل إجراء"
"ويب","/login","app/login/page.tsx","حسب حماية الصفحة/الخدمة","عرض وتنقل","لم تُجرّب هذه الشاشة/الخدمة منفردةً بجميع الحالات","راجع تقارير المجالات؛ المرور بفحص البناء لا يساوي تحقق كل إجراء"
"ويب","/meras-ai","app/meras-ai/page.tsx","حسب حماية الصفحة/الخدمة","عرض وتنقل","تحقق HTTP لفتح الصفحة بحسب الدور؛ الأزرار والحالات التفصيلية غير مكتملة التغطية","راجع تقارير المجالات؛ المرور بفحص البناء لا يساوي تحقق كل إجراء؛ page-role-smoke.json"
"ويب","/meras-ai/subscribe","app/meras-ai/subscribe/page.tsx","حسب حماية الصفحة/الخدمة","عرض وتنقل","لم تُجرّب هذه الشاشة/الخدمة منفردةً بجميع الحالات","راجع تقارير المجالات؛ المرور بفحص البناء لا يساوي تحقق كل إجراء"
"ويب","/notifications","app/notifications/page.tsx","حسب حماية الصفحة/الخدمة","عرض وتنقل","تحقق HTTP لفتح الصفحة بحسب الدور؛ الأزرار والحالات التفصيلية غير مكتملة التغطية","راجع تقارير المجالات؛ المرور بفحص البناء لا يساوي تحقق كل إجراء؛ page-role-smoke.json"
"ويب","/onboarding","app/onboarding/page.tsx","حسب حماية الصفحة/الخدمة","عرض وتنقل","تحقق HTTP لفتح الصفحة بحسب الدور؛ الأزرار والحالات التفصيلية غير مكتملة التغطية","راجع تقارير المجالات؛ المرور بفحص البناء لا يساوي تحقق كل إجراء؛ page-role-smoke.json"
"ويب","/","app/page.tsx","زائر؛ البيانات العامة المنشورة فقط","عرض وتنقل","تحقق HTTP فعلي للقالب ببيانات اصطناعية؛ لا يثبت كل تفاعل","seo-http.json وseo-report.md"
"ويب","/privacy","app/privacy/page.tsx","زائر؛ البيانات العامة المنشورة فقط","عرض وتنقل","تحقق HTTP فعلي للقالب ببيانات اصطناعية؛ لا يثبت كل تفاعل","seo-http.json وseo-report.md"
"ويب","/r/[code]","app/r/[code]/route.ts","حسب حماية الصفحة/الخدمة","عرض وتنقل","لم تُجرّب هذه الشاشة/الخدمة منفردةً بجميع الحالات","راجع تقارير المجالات؛ المرور بفحص البناء لا يساوي تحقق كل إجراء"
"ويب","/referrals","app/referrals/page.tsx","حسب حماية الصفحة/الخدمة","عرض وتنقل","تحقق HTTP لفتح الصفحة بحسب الدور؛ الأزرار والحالات التفصيلية غير مكتملة التغطية","راجع تقارير المجالات؛ المرور بفحص البناء لا يساوي تحقق كل إجراء؛ page-role-smoke.json"
"ويب","/refund-policy","app/refund-policy/page.tsx","زائر؛ البيانات العامة المنشورة فقط","عرض وتنقل","تحقق HTTP فعلي للقالب ببيانات اصطناعية؛ لا يثبت كل تفاعل","seo-http.json وseo-report.md"
"ويب","/register","app/register/page.tsx","حسب حماية الصفحة/الخدمة","عرض وتنقل","لم تُجرّب هذه الشاشة/الخدمة منفردةً بجميع الحالات","راجع تقارير المجالات؛ المرور بفحص البناء لا يساوي تحقق كل إجراء"
"ويب","/request-course","app/request-course/page.tsx","حسب حماية الصفحة/الخدمة","عرض وتنقل","تحقق HTTP لفتح الصفحة بحسب الدور؛ الأزرار والحالات التفصيلية غير مكتملة التغطية","راجع تقارير المجالات؛ المرور بفحص البناء لا يساوي تحقق كل إجراء؛ page-role-smoke.json"
"ويب","/reset-password","app/reset-password/page.tsx","حسب حماية الصفحة/الخدمة","عرض وتنقل","لم تُجرّب هذه الشاشة/الخدمة منفردةً بجميع الحالات","راجع تقارير المجالات؛ المرور بفحص البناء لا يساوي تحقق كل إجراء"
"ويب","/study-tools","app/study-tools/page.tsx","حسب حماية الصفحة/الخدمة","عرض وتنقل","تحقق HTTP لفتح الصفحة بحسب الدور؛ الأزرار والحالات التفصيلية غير مكتملة التغطية","راجع تقارير المجالات؛ المرور بفحص البناء لا يساوي تحقق كل إجراء؛ page-role-smoke.json"
"ويب","/study-tools/subscribe","app/study-tools/subscribe/page.tsx","حسب حماية الصفحة/الخدمة","عرض وتنقل","لم تُجرّب هذه الشاشة/الخدمة منفردةً بجميع الحالات","راجع تقارير المجالات؛ المرور بفحص البناء لا يساوي تحقق كل إجراء"
"ويب","/supervisor","app/supervisor/page.tsx","حسب حماية الصفحة/الخدمة","عرض وتنقل","تحقق HTTP لفتح الصفحة بحسب الدور؛ الأزرار والحالات التفصيلية غير مكتملة التغطية","راجع تقارير المجالات؛ المرور بفحص البناء لا يساوي تحقق كل إجراء؛ page-role-smoke.json"
"ويب","/support","app/support/page.tsx","حسب حماية الصفحة/الخدمة","عرض وتنقل","تحقق HTTP لفتح الصفحة بحسب الدور؛ الأزرار والحالات التفصيلية غير مكتملة التغطية","راجع تقارير المجالات؛ المرور بفحص البناء لا يساوي تحقق كل إجراء؛ page-role-smoke.json"
"ويب","/terms","app/terms/page.tsx","زائر؛ البيانات العامة المنشورة فقط","عرض وتنقل","تحقق HTTP فعلي للقالب ببيانات اصطناعية؛ لا يثبت كل تفاعل","seo-http.json وseo-report.md"
"ويب","/tools","app/tools/page.tsx","زائر؛ البيانات العامة المنشورة فقط","عرض وتنقل","تحقق HTTP فعلي للقالب ببيانات اصطناعية؛ لا يثبت كل تفاعل","seo-http.json وseo-report.md"
"ويب","/universities","app/universities/page.tsx","زائر؛ البيانات العامة المنشورة فقط","عرض وتنقل","تحقق HTTP فعلي للقالب ببيانات اصطناعية؛ لا يثبت كل تفاعل","seo-http.json وseo-report.md"
"ويب","/universities/[slug]","app/universities/[slug]/page.tsx","زائر؛ البيانات العامة المنشورة فقط","عرض وتنقل","تحقق HTTP فعلي للقالب ببيانات اصطناعية؛ لا يثبت كل تفاعل","seo-http.json وseo-report.md"
"ويب","/universities/[slug]/specialties/[specialtySlug]","app/universities/[slug]/specialties/[specialtySlug]/page.tsx","زائر؛ البيانات العامة المنشورة فقط","عرض وتنقل","تحقق HTTP فعلي للقالب ببيانات اصطناعية؛ لا يثبت كل تفاعل","seo-http.json وseo-report.md"
"ويب","/verify-email","app/verify-email/page.tsx","حسب حماية الصفحة/الخدمة","عرض وتنقل","لم تُجرّب هذه الشاشة/الخدمة منفردةً بجميع الحالات","راجع تقارير المجالات؛ المرور بفحص البناء لا يساوي تحقق كل إجراء"
"تطبيق","/(auth)/login","mobile/app/(auth)/login.tsx","حسب شاشة الحساب","عرض وتنقل","لم تُجرّب هذه الشاشة/الخدمة منفردةً بجميع الحالات","راجع تقارير المجالات؛ المرور بفحص البناء لا يساوي تحقق كل إجراء"
"تطبيق","/(auth)/register","mobile/app/(auth)/register.tsx","حسب شاشة الحساب","عرض وتنقل","لم تُجرّب هذه الشاشة/الخدمة منفردةً بجميع الحالات","راجع تقارير المجالات؛ المرور بفحص البناء لا يساوي تحقق كل إجراء"
"تطبيق","/(auth)/welcome","mobile/app/(auth)/welcome.tsx","حسب شاشة الحساب","عرض وتنقل","لم تُجرّب هذه الشاشة/الخدمة منفردةً بجميع الحالات","راجع تقارير المجالات؛ المرور بفحص البناء لا يساوي تحقق كل إجراء"
"تطبيق","/(auth)/_layout","mobile/app/(auth)/_layout.tsx","حسب شاشة الحساب","عرض وتنقل","لم تُجرّب هذه الشاشة/الخدمة منفردةً بجميع الحالات","راجع تقارير المجالات؛ المرور بفحص البناء لا يساوي تحقق كل إجراء"
"تطبيق","/(tabs)/account","mobile/app/(tabs)/account.tsx","حسب شاشة الحساب","عرض وتنقل","لم تُجرّب هذه الشاشة/الخدمة منفردةً بجميع الحالات","راجع تقارير المجالات؛ المرور بفحص البناء لا يساوي تحقق كل إجراء"
"تطبيق","/(tabs)/ai","mobile/app/(tabs)/ai.tsx","حسب شاشة الحساب","عرض وتنقل","لم تُجرّب هذه الشاشة/الخدمة منفردةً بجميع الحالات","راجع تقارير المجالات؛ المرور بفحص البناء لا يساوي تحقق كل إجراء"
"تطبيق","/(tabs)/courses","mobile/app/(tabs)/courses.tsx","حسب شاشة الحساب","عرض وتنقل","لم تُجرّب هذه الشاشة/الخدمة منفردةً بجميع الحالات","راجع تقارير المجالات؛ المرور بفحص البناء لا يساوي تحقق كل إجراء"
"تطبيق","/(tabs)/index","mobile/app/(tabs)/index.tsx","حسب شاشة الحساب","عرض وتنقل","لم تُجرّب هذه الشاشة/الخدمة منفردةً بجميع الحالات","راجع تقارير المجالات؛ المرور بفحص البناء لا يساوي تحقق كل إجراء"
"تطبيق","/(tabs)/learning","mobile/app/(tabs)/learning.tsx","حسب شاشة الحساب","عرض وتنقل","لم تُجرّب هذه الشاشة/الخدمة منفردةً بجميع الحالات","راجع تقارير المجالات؛ المرور بفحص البناء لا يساوي تحقق كل إجراء"
"تطبيق","/(tabs)/universities","mobile/app/(tabs)/universities.tsx","حسب شاشة الحساب","عرض وتنقل","لم تُجرّب هذه الشاشة/الخدمة منفردةً بجميع الحالات","راجع تقارير المجالات؛ المرور بفحص البناء لا يساوي تحقق كل إجراء"
"تطبيق","/(tabs)/_layout","mobile/app/(tabs)/_layout.tsx","حسب شاشة الحساب","عرض وتنقل","لم تُجرّب هذه الشاشة/الخدمة منفردةً بجميع الحالات","راجع تقارير المجالات؛ المرور بفحص البناء لا يساوي تحقق كل إجراء"
"تطبيق","/admin","mobile/app/admin.tsx","مدير حسب صلاحيات الإجراء","عرض وتنقل","لم تُجرّب هذه الشاشة/الخدمة منفردةً بجميع الحالات","راجع تقارير المجالات؛ المرور بفحص البناء لا يساوي تحقق كل إجراء"
"تطبيق","/ai/conversation/[id]","mobile/app/ai/conversation/[id].tsx","حسب شاشة الحساب","عرض وتنقل","لم تُجرّب هذه الشاشة/الخدمة منفردةً بجميع الحالات","راجع تقارير المجالات؛ المرور بفحص البناء لا يساوي تحقق كل إجراء"
"تطبيق","/ai/quiz/[id]","mobile/app/ai/quiz/[id].tsx","حسب شاشة الحساب","عرض وتنقل","لم تُجرّب هذه الشاشة/الخدمة منفردةً بجميع الحالات","راجع تقارير المجالات؛ المرور بفحص البناء لا يساوي تحقق كل إجراء"
"تطبيق","/assistant","mobile/app/assistant.tsx","حسب شاشة الحساب","عرض وتنقل","لم تُجرّب هذه الشاشة/الخدمة منفردةً بجميع الحالات","راجع تقارير المجالات؛ المرور بفحص البناء لا يساوي تحقق كل إجراء"
"تطبيق","/cart","mobile/app/cart.tsx","حسب شاشة الحساب","عرض وتنقل","لم تُجرّب هذه الشاشة/الخدمة منفردةً بجميع الحالات","راجع تقارير المجالات؛ المرور بفحص البناء لا يساوي تحقق كل إجراء"
"تطبيق","/complete-profile","mobile/app/complete-profile.tsx","حسب شاشة الحساب","عرض وتنقل","لم تُجرّب هذه الشاشة/الخدمة منفردةً بجميع الحالات","راجع تقارير المجالات؛ المرور بفحص البناء لا يساوي تحقق كل إجراء"
"تطبيق","/contact","mobile/app/contact.tsx","حسب شاشة الحساب","عرض وتنقل","لم تُجرّب هذه الشاشة/الخدمة منفردةً بجميع الحالات","راجع تقارير المجالات؛ المرور بفحص البناء لا يساوي تحقق كل إجراء"
"تطبيق","/course/[slug]","mobile/app/course/[slug].tsx","حسب شاشة الحساب","عرض وتنقل","لم تُجرّب هذه الشاشة/الخدمة منفردةً بجميع الحالات","راجع تقارير المجالات؛ المرور بفحص البناء لا يساوي تحقق كل إجراء"
"تطبيق","/favorites","mobile/app/favorites.tsx","حسب شاشة الحساب","عرض وتنقل","لم تُجرّب هذه الشاشة/الخدمة منفردةً بجميع الحالات","راجع تقارير المجالات؛ المرور بفحص البناء لا يساوي تحقق كل إجراء"
"تطبيق","/forgot-password","mobile/app/forgot-password.tsx","حسب شاشة الحساب","عرض وتنقل","لم تُجرّب هذه الشاشة/الخدمة منفردةً بجميع الحالات","راجع تقارير المجالات؛ المرور بفحص البناء لا يساوي تحقق كل إجراء"
"تطبيق","/index","mobile/app/index.tsx","حسب شاشة الحساب","عرض وتنقل","لم تُجرّب هذه الشاشة/الخدمة منفردةً بجميع الحالات","راجع تقارير المجالات؛ المرور بفحص البناء لا يساوي تحقق كل إجراء"
"تطبيق","/learn/[slug]","mobile/app/learn/[slug].tsx","حسب شاشة الحساب","عرض وتنقل","لم تُجرّب هذه الشاشة/الخدمة منفردةً بجميع الحالات","راجع تقارير المجالات؛ المرور بفحص البناء لا يساوي تحقق كل إجراء"
"تطبيق","/lesson/[courseSlug]/[lessonId]","mobile/app/lesson/[courseSlug]/[lessonId].tsx","حسب شاشة الحساب","عرض وتنقل","لم تُجرّب هذه الشاشة/الخدمة منفردةً بجميع الحالات","راجع تقارير المجالات؛ المرور بفحص البناء لا يساوي تحقق كل إجراء"
"تطبيق","/notifications","mobile/app/notifications.tsx","حسب شاشة الحساب","عرض وتنقل","لم تُجرّب هذه الشاشة/الخدمة منفردةً بجميع الحالات","راجع تقارير المجالات؛ المرور بفحص البناء لا يساوي تحقق كل إجراء"
"تطبيق","/oauth/callback","mobile/app/oauth/callback.tsx","حسب شاشة الحساب","عرض وتنقل","لم تُجرّب هذه الشاشة/الخدمة منفردةً بجميع الحالات","راجع تقارير المجالات؛ المرور بفحص البناء لا يساوي تحقق كل إجراء"
"تطبيق","/onboarding","mobile/app/onboarding.tsx","حسب شاشة الحساب","عرض وتنقل","لم تُجرّب هذه الشاشة/الخدمة منفردةً بجميع الحالات","راجع تقارير المجالات؛ المرور بفحص البناء لا يساوي تحقق كل إجراء"
"تطبيق","/orders","mobile/app/orders.tsx","حسب شاشة الحساب","عرض وتنقل","لم تُجرّب هذه الشاشة/الخدمة منفردةً بجميع الحالات","راجع تقارير المجالات؛ المرور بفحص البناء لا يساوي تحقق كل إجراء"
"تطبيق","/profile","mobile/app/profile.tsx","حسب شاشة الحساب","عرض وتنقل","لم تُجرّب هذه الشاشة/الخدمة منفردةً بجميع الحالات","راجع تقارير المجالات؛ المرور بفحص البناء لا يساوي تحقق كل إجراء"
"تطبيق","/r/[code]","mobile/app/r/[code].tsx","حسب شاشة الحساب","عرض وتنقل","لم تُجرّب هذه الشاشة/الخدمة منفردةً بجميع الحالات","راجع تقارير المجالات؛ المرور بفحص البناء لا يساوي تحقق كل إجراء"
"تطبيق","/referrals","mobile/app/referrals.tsx","حسب شاشة الحساب","عرض وتنقل","لم تُجرّب هذه الشاشة/الخدمة منفردةً بجميع الحالات","راجع تقارير المجالات؛ المرور بفحص البناء لا يساوي تحقق كل إجراء"
"تطبيق","/requests","mobile/app/requests.tsx","حسب شاشة الحساب","عرض وتنقل","لم تُجرّب هذه الشاشة/الخدمة منفردةً بجميع الحالات","راجع تقارير المجالات؛ المرور بفحص البناء لا يساوي تحقق كل إجراء"
"تطبيق","/security","mobile/app/security.tsx","حسب شاشة الحساب","عرض وتنقل","لم تُجرّب هذه الشاشة/الخدمة منفردةً بجميع الحالات","راجع تقارير المجالات؛ المرور بفحص البناء لا يساوي تحقق كل إجراء"
"تطبيق","/supervisor","mobile/app/supervisor.tsx","حسب شاشة الحساب","عرض وتنقل","لم تُجرّب هذه الشاشة/الخدمة منفردةً بجميع الحالات","راجع تقارير المجالات؛ المرور بفحص البناء لا يساوي تحقق كل إجراء"
"تطبيق","/support","mobile/app/support.tsx","حسب شاشة الحساب","عرض وتنقل","لم تُجرّب هذه الشاشة/الخدمة منفردةً بجميع الحالات","راجع تقارير المجالات؛ المرور بفحص البناء لا يساوي تحقق كل إجراء"
"تطبيق","/tracks","mobile/app/tracks.tsx","حسب شاشة الحساب","عرض وتنقل","لم تُجرّب هذه الشاشة/الخدمة منفردةً بجميع الحالات","راجع تقارير المجالات؛ المرور بفحص البناء لا يساوي تحقق كل إجراء"
"تطبيق","/university/[slug]","mobile/app/university/[slug].tsx","حسب شاشة الحساب","عرض وتنقل","لم تُجرّب هذه الشاشة/الخدمة منفردةً بجميع الحالات","راجع تقارير المجالات؛ المرور بفحص البناء لا يساوي تحقق كل إجراء"
"تطبيق","/verify-email","mobile/app/verify-email.tsx","حسب شاشة الحساب","عرض وتنقل","لم تُجرّب هذه الشاشة/الخدمة منفردةً بجميع الحالات","راجع تقارير المجالات؛ المرور بفحص البناء لا يساوي تحقق كل إجراء"
"تطبيق","/_layout","mobile/app/_layout.tsx","حسب شاشة الحساب","عرض وتنقل","لم تُجرّب هذه الشاشة/الخدمة منفردةً بجميع الحالات","راجع تقارير المجالات؛ المرور بفحص البناء لا يساوي تحقق كل إجراء"
